,prediction
0,257.34
1,39.9
2,1.6
3,333.18
4,14.32
5,84.88
6,395.3
7,-8.64
8,405.42
9,77.94
10,-4.62
11,5.62
12,21.62
13,170.32
14,9.56
15,101.0
16,-6.66
17,66.18
18,35.66
19,100.8
20,81.84
21,-0.26
22,-5.42
23,270.28
24,-6.56
25,205.22
26,-6.26
27,42.46
28,-2.14
29,86.64
30,-3.0
31,-4.3
32,12.26
33,7.54
34,67.34
35,221.56
36,-7.0
37,-5.28
38,-7.22
39,63.94
40,49.7
41,384.48
42,-7.04
43,-9.34
44,63.94
45,429.7
46,225.92
47,128.02
48,9.46
49,33.62
50,59.88
51,121.78
52,230.68
53,219.4
54,-8.32
55,17.34
56,172.46
57,223.44
58,-5.84
59,5.34
60,127.24
61,99.44
62,177.0
63,7.72
64,-2.6
65,66.86
66,189.48
67,41.62
68,-1.96
69,279.06
70,-9.3
71,121.12
72,175.44
73,4.66
74,119.46
75,228.56
76,164.98
77,-8.08
78,93.64
79,92.28
80,93.74
81,10.94
82,-8.84
83,36.82
84,146.4
85,228.56
86,34.86
87,85.22
88,41.62
89,177.2
90,16.48
91,248.38
92,37.7
93,70.9
94,98.34
95,133.0
96,17.34
97,235.16
98,123.74
99,373.72
100,-6.66
101,6.94
102,162.74
103,-7.7
104,185.3
105,0.46
106,490.5
107,429.7
108,239.62
109,58.0
110,-8.32
111,-6.86
112,-4.54
113,3.86
114,37.18
115,466.2
116,-4.78
117,162.74
118,-10.52
119,100.5
120,33.32
121,10.92
122,93.02
123,18.5
124,-8.48
125,120.5
126,101.42
127,277.3
128,461.64
129,23.48
130,-3.84
131,69.4
132,92.28
133,62.94
134,429.12
135,48.26
136,444.84
137,92.76
138,88.38
139,18.04
140,311.0
141,80.8
142,38.1
143,-4.12
144,170.1
145,40.82
146,335.4
147,3.04
148,-5.74
149,125.28
150,414.26
151,30.36
152,202.28
153,317.3
154,174.74
155,-8.0
156,49.7
157,185.62
158,-9.64
159,414.54
160,37.54
161,-6.92
162,15.4
163,-6.56
164,11.8
165,38.1
166,4.78
167,66.9
168,-7.94
169,15.76
170,174.54
171,30.36
172,-4.38
173,-6.48
174,86.04
175,88.94
176,-8.76
177,146.18
178,-6.8
179,151.32
180,204.7
181,129.06
182,-8.32
183,175.28
184,71.76
185,17.8
186,-5.42
187,-6.14
188,-8.64
189,88.78
190,2.48
191,203.58
192,66.98
193,325.66
194,3.34
195,146.38
196,-6.66
197,-5.32
198,128.8
199,76.6
200,178.24
201,316.7
202,37.54
203,262.16
204,68.9
205,81.02
206,96.82
207,84.16
208,40.14
209,-8.7
210,331.0
211,7.26
212,-4.96
213,-3.26
214,61.84
215,-4.7
216,225.22
217,219.98
218,0.58
219,94.94
220,0.86
221,244.34
222,-3.76
223,341.48
224,-4.38
225,218.02
226,37.54
227,-7.84
228,88.72
229,-4.38
230,53.2
231,67.32
232,185.62
233,-8.76
234,-6.88
235,114.54
236,-5.44
237,55.38
238,4.78
239,66.86
240,41.14
241,-9.4
242,77.3
243,465.46
244,33.26
245,124.42
246,171.22
247,53.84
248,169.42
249,81.66
250,17.38
251,121.12
252,58.06
253,63.48
254,447.94
255,-1.74
256,179.6
257,-7.02
258,-10.0
259,-4.58
260,-8.76
261,-6.98
262,462.32
263,84.88
264,144.08
265,-6.68
266,335.56
267,17.6
268,60.6
269,10.68
270,69.6
271,87.82
272,333.9
273,-0.68
274,71.34
275,77.7
276,36.14
277,198.28
278,164.04
279,-6.66
280,40.04
281,-6.5
282,53.12
283,-7.98
284,202.74
285,155.5
286,-2.6
287,199.62
288,0.92
289,102.6
290,171.54
291,2.2
292,311.82
293,-4.44
294,95.46
295,132.7
296,92.28
297,51.5
298,85.98
299,0.28
300,-2.54
301,117.4
302,92.52
303,151.1
304,20.68
305,64.42
306,3.94
307,13.18
308,6.36
309,63.84
310,71.72
311,428.58
312,-2.28
313,75.96
314,35.56
315,116.6
316,55.12
317,93.38
318,-8.32
319,286.14
320,268.24
321,-2.12
322,-6.92
323,2.66
324,75.96
325,-4.28
326,399.82
327,95.9
328,428.58
329,92.28
330,-8.6
331,7.72
332,74.86
333,-8.76
334,-9.3
335,37.3
336,-8.6
337,7.72
338,99.46
339,86.42
340,326.66
341,209.86
342,-9.22
343,6.08
344,341.48
345,6.08
346,364.18
347,37.54
348,241.88
349,17.16
350,101.48
351,-6.66
352,-6.24
353,87.52
354,10.58
355,66.98
356,41.68
357,-4.44
358,375.48
359,81.94
360,53.18
361,6.08
362,11.8
363,-7.02
364,-4.44
365,224.46
366,9.3
367,88.72
368,-9.24
369,17.36
370,175.44
371,30.36
372,170.1
373,53.18
374,343.78
375,-4.12
376,119.76
377,103.98
378,262.16
379,101.42
380,19.64
381,377.96
382,121.34
383,80.64
384,22.18
385,135.8
386,261.06
387,33.62
388,37.54
389,88.72
390,254.42
391,157.04
392,42.82
393,43.76
394,122.52
395,-6.56
396,120.2
397,575.9
398,96.16
399,40.66
400,86.46
401,-2.28
402,-0.28
403,68.72
404,257.6
405,-5.02
406,94.42
407,164.54
408,39.9
409,164.54
410,20.82
411,142.98
412,3.62
413,-7.2
414,316.92
415,124.46
416,43.98
417,35.24
418,60.68
419,-6.6
420,-6.64
421,124.48
422,-2.34
423,128.02
424,39.04
425,73.76
426,180.34
427,15.76
428,240.92
429,118.52
430,-8.52
431,37.54
432,-8.64
433,-1.44
434,55.12
435,99.56
436,0.96
437,-9.64
438,-6.56
439,16.38
440,71.76
441,-2.38
442,15.78
443,10.92
444,-7.32
445,87.82
446,-4.44
447,219.8
448,-7.44
449,53.2
450,66.98
451,60.68
452,-5.78
453,-0.1
454,255.54
455,147.94
456,291.14
457,-6.56
458,105.98
459,52.7
460,54.82
461,40.6
462,109.52
463,76.64
464,17.4
465,259.6
466,-2.28
467,129.06
468,128.8
469,-5.42
470,134.04
471,23.08
472,-5.98
473,17.34
474,10.92
475,148.78
476,78.62
477,222.98
478,462.0
479,160.32
480,95.76
481,88.04
482,442.6
483,164.1
484,246.02
485,-8.76
486,-5.4
487,-5.14
488,62.94
489,-4.44
490,-5.46
491,188.02
492,457.12
493,16.48
494,2.02
495,-8.76
496,-5.66
497,-8.76
498,56.28
499,30.9
500,82.0
501,40.66
502,-8.26
503,-0.08
504,-5.44
505,40.4
506,39.88
507,241.5
508,70.88
509,397.02
510,277.3
511,256.64
512,339.7
513,130.38
514,-6.92
515,-6.56
516,3.04
517,227.34
518,391.92
519,343.66
520,108.24
521,-6.8
522,-3.74
523,396.46
524,57.74
525,456.24
526,17.34
527,-5.02
528,81.84
529,97.2
530,-3.0
531,111.02
532,219.98
533,129.06
534,11.86
535,-11.32
536,12.34
537,376.56
538,251.46
539,141.88
540,175.28
541,-5.96
542,-6.92
543,270.28
544,-3.0
545,76.12
546,-1.74
547,-4.12
548,92.52
549,5.62
550,21.4
551,-6.6
552,4.82
553,4.9
554,175.28
555,-4.12
556,247.0
557,53.84
558,80.06
559,-10.42
560,103.22
561,82.0
562,22.46
563,43.9
564,69.6
565,144.16
566,40.5
567,389.92
568,38.1
569,-4.44
570,-0.3
571,107.56
572,83.64
573,73.22
574,-9.64
575,120.02
576,200.98
577,-4.98
578,-4.12
579,575.9
580,-5.18
581,222.98
582,185.62
583,176.14
584,180.34
585,313.46
586,53.28
587,90.82
588,3.04
589,53.88
590,-9.62
591,336.7
592,176.14
593,-8.76
594,56.2
595,-9.3
596,86.66
597,5.62
598,70.88
599,50.44
600,-7.2
601,-5.06
602,166.48
603,316.36
604,11.8
605,452.9
606,51.76
607,116.12
608,107.82
609,364.18
610,53.7
611,160.64
612,-3.76
613,-8.32
614,15.76
615,-2.34
616,101.4
617,0.36
618,144.08
619,141.88
620,-9.66
621,-2.34
622,6.2
623,-6.92
624,486.28
625,277.3
626,16.66
627,-1.74
628,215.76
629,-4.7
630,148.78
631,-3.8
632,62.82
633,120.5
634,-4.96
635,116.6
636,200.72
637,-5.84
638,12.94
639,-8.48
640,53.18
641,175.44
642,101.46
643,49.7
644,-4.72
645,66.9
646,11.6
647,120.02
648,376.56
649,-8.02
650,-8.66
651,108.24
652,-8.9
653,5.22
654,405.96
655,225.92
656,9.0
657,6.6
658,260.72
659,80.64
660,80.64
661,69.6
662,-2.04
663,-3.0
664,165.16
665,55.7
666,7.96
667,250.1
668,576.46
669,9.14
670,257.92
671,88.38
672,44.08
673,160.56
674,6.08
675,67.58
676,7.54
677,77.28
678,389.92
679,239.46
680,4.58
681,63.94
682,98.2
683,-10.6
684,88.94
685,0.46
686,219.4
687,124.46
688,11.8
689,63.98
690,58.06
691,164.98
692,-8.76
693,58.0
694,271.56
695,18.04
696,262.38
697,15.6
698,148.44
699,-7.74
700,18.1
701,242.52
702,-6.42
703,-9.76
704,14.98
705,22.46
706,-2.2
707,230.68
708,322.86
709,96.26
710,8.02
711,157.0
712,99.26
713,224.56
714,17.38
715,7.72
716,227.24
717,311.82
718,398.34
719,11.8
720,113.96
721,-7.92
722,84.88
723,68.9
724,109.52
725,85.42
726,-4.78
727,189.74
728,-6.66
729,63.92
730,146.84
731,7.24
732,-5.56
733,239.46
734,-4.44
735,157.94
736,241.5
737,-3.86
738,-2.34
739,198.28
740,116.4
741,-4.96
742,92.02
743,-4.44
744,126.72
745,188.74
746,71.68
747,-1.74
748,462.0
749,-3.24
750,63.94
751,21.32
752,-6.66
753,0.52
754,83.34
755,10.34
756,43.76
757,260.72
758,326.2
759,16.84
760,22.46
761,82.52
762,-5.02
763,204.7
764,233.08
765,83.6
766,39.9
767,-0.74
768,132.7
769,71.68
770,81.84
771,-6.28
772,-9.34
773,202.28
774,69.6
775,15.78
776,-3.88
777,51.98
778,-8.76
779,6.28
780,-1.96
781,124.46
782,-5.46
783,21.5
784,575.9
785,-4.78
786,114.54
787,135.1
788,-4.1
789,88.94
790,-11.08
791,124.48
792,162.04
793,58.06
794,58.0
795,11.44
796,21.36
797,5.62
798,24.78
799,23.6
800,116.36
801,-6.02
802,-8.98
803,-6.7
804,205.22
805,94.94
806,4.46
807,7.08
808,16.48
809,-5.56
810,-3.14
811,66.98
812,-3.52
813,74.84
814,86.38
815,7.72
816,203.46
817,63.92
818,53.88
819,10.32
820,166.64
821,37.14
822,0.82
823,113.12
824,199.62
825,3.04
826,7.04
827,-6.92
828,252.82
829,97.48
830,391.96
831,101.82
832,55.12
833,395.92
834,0.82
835,240.92
836,124.48
837,-9.64
838,-6.92
839,83.4
840,17.24
841,-6.94
842,-6.48
843,-4.7
844,402.7
845,40.66
846,188.56
847,-3.54
848,-1.84
849,144.08
850,95.46
851,-1.74
852,41.08
853,317.26
854,-7.04
855,5.26
856,76.64
857,-4.9
858,173.86
859,6.82
860,335.56
861,40.5
862,261.06
863,187.98
864,7.0
865,332.86
866,-6.96
867,121.92
868,6.08
869,106.08
870,84.88
871,-1.96
872,575.9
873,-9.74
874,38.86
875,169.26
876,52.5
877,68.9
878,105.72
879,252.48
880,-2.18
881,322.9
882,51.92
883,248.22
884,-1.48
885,162.54
886,17.72
887,19.22
888,148.44
889,129.58
890,268.24
891,-3.8
892,198.32
893,-4.66
894,0.86
895,248.22
896,364.98
897,61.84
898,175.44
899,-1.74
900,51.92
901,99.62
902,7.72
903,131.68
904,59.76
905,30.36
906,90.3
907,38.1
908,95.04
909,-9.64
910,8.92
911,90.82
912,40.66
913,-7.2
914,408.46
915,118.52
916,333.9
917,122.52
918,55.12
919,66.98
920,21.4
921,-7.18
922,20.26
923,-4.68
924,311.82
925,2.12
926,395.3
927,39.9
928,39.88
929,30.36
930,-8.32
931,58.06
932,51.98
933,90.82
934,-6.92
935,116.22
936,238.1
937,49.7
938,96.96
939,71.76
940,73.58
941,-1.84
942,66.34
943,37.36
944,-6.8
945,-4.38
946,66.86
947,-4.62
948,99.46
949,134.04
950,376.2
951,-6.92
952,301.92
953,10.32
954,41.62
955,88.88
956,132.7
957,95.62
958,7.54
959,6.08
960,111.86
961,83.6
962,97.48
963,170.1
964,0.46
965,88.72
966,91.16
967,51.84
968,97.42
969,36.82
970,-4.1
971,55.38
972,-11.32
973,219.56
974,41.14
975,161.26
976,110.76
977,434.08
978,4.94
979,40.3
980,-6.74
981,-3.84
982,317.34
983,167.24
984,-7.08
985,-3.54
986,173.7
987,85.98
988,176.24
989,67.9
990,-8.6
991,227.1
992,21.4
993,5.62
994,7.54
995,7.04
996,13.18
997,-6.94
998,576.46
999,188.74
1000,85.22
1001,15.78
1002,51.6
1003,11.48
1004,455.64
1005,-8.2
1006,317.22
1007,-8.54
1008,17.92
1009,92.02
1010,91.66
1011,-5.34
1012,311.86
1013,-3.28
1014,167.08
